<?xml version="1.0" encoding="UTF-8"?>
<project-private xmlns="http://www.netbeans.org/ns/project-private/1">
    <editor-bookmarks xmlns="http://www.netbeans.org/ns/editor-bookmarks/2" lastBookmarkId="0"/>
    <open-files xmlns="http://www.netbeans.org/ns/projectui-open-files/2">
        <group>
            <file>file:/C:/Users/music/Downloads/COP2210-Project1_Class/COP2210-Project1_Class/src/tool/Scanner.java</file>
            <file>file:/C:/Users/music/Downloads/COP2210-Project1_Class/COP2210-Project1_Class/src/app/Controller.java</file>
            <file>file:/C:/Users/music/Downloads/COP2210-Project1_Class/COP2210-Project1_Class/src/tool/Analyzer.java</file>
            <file>file:/C:/Users/music/Downloads/COP2210-Project1_Class/COP2210-Project1_Class/src/vehicle/Truck.java</file>
            <file>file:/C:/Users/music/Downloads/COP2210-Project1_Class/COP2210-Project1_Class/src/motor/Duramax.java</file>
            <file>file:/C:/Users/music/Downloads/COP2210-Project1_Class/COP2210-Project1_Class/src/motor/V6.java</file>
        </group>
    </open-files>
</project-private>
